1,13.3292
2,14.5362
3,15.598
4,16.5148
5,17.2864
6,17.9129
7,18.3943
8,18.7305
9,18.9217
10,19.0856
11,19.4729
12,20.0918
13,20.9423
14,22.0244
15,23.3381
16,24.8834
17,26.6407
18,28.5592
19,30.6361
20,32.8715
21,35.2653
22,37.8176
23,40.4333
24,42.7094
25,44.6008
26,46.1074
27,47.2293
28,47.9664
29,48.3187
30,48.2863
31,47.8691
32,47.5563
33,47.8431
34,48.7296
35,50.2157
36,52.3015
37,54.9869
38,58.2721
39,62.1568
40,66.6413
41,71.7062
42,76.537
43,80.7021
44,84.2015
45,87.0351
46,89.203
47,90.7052
48,91.5417
49,91.7125
50,91.2175
51,90.2906
52,89.714
53,89.5507
54,89.8008
55,90.4642
56,91.541
57,93.0311
58,94.9345
59,97.2513
60,99.9814
61,102.6941
62,104.6024
63,105.6897
64,105.9559
65,105.401
66,104.025
67,101.8279
68,98.8098
69,95.6871
70,93.6851
71,92.8248
72,93.106
73,94.5289
74,97.0934
75,100.7994
76,105.6471
77,111.1844
78,116.6876
79,122.1474
80,127.5637
81,132.9365
82,138.2658
83,143.5516
84,148.7939
85,153.9927
86,159.147
87,163.8307
88,167.6935
89,170.7352
90,172.956
91,174.3557
92,174.9345
93,174.6923
94,173.6291
95,171.7672
96,170.3668
97,170.1567
98,171.1369
99,173.3074
100,176.6682
101,181.2192
102,186.9606
103,193.8923
104,201.9501
105,209.6885
106,216.51
107,222.4145
108,227.4019
109,231.4724
110,234.6259
111,236.8624
112,238.1819
113,238.5844
114,238.07
115,236.8218
116,235.9262
117,235.5618
118,235.7287
119,236.4268
120,237.6562
121,239.4168
122,241.7087
123,244.5318
124,247.8862
125,251.7235
126,255.5342
127,259.1822
128,262.6674
129,265.9899
130,269.1496
131,272.1465
132,274.9807
133,277.6521
134,280.1608
135,282.5312
136,285.3271
137,288.7843
138,292.9026
139,297.6822
140,303.123
141,309.225
142,315.9883
143,323.3673
144,330.4499
145,336.8784
146,342.6528
147,347.7731
148,352.2393
149,356.0515
150,359.2095
151,361.7135
152,363.7683
153,365.6002
154,367.2094
155,368.5959
156,369.7596
157,370.7006
158,371.4189
159,371.9144
160,372.1872
161,372.2373
162,372.0647
163,371.6693
164,371.0511
165,370.2172
166,369.5079
167,369.1113
168,369.0276
169,369.2568
170,369.7988
171,370.6536
172,371.8212
173,373.3017
174,375.0951
175,377.2012
176,379.6203
177,382.3436
178,385.0622
179,387.6209
180,390.0197
181,392.2587
182,394.3378
183,396.2571
184,398.0165
185,399.6261
186,401.3948
187,403.4677
188,405.8449
189,408.5264
190,411.5121
191,414.802
192,418.3963
193,422.2948
194,425.6356
195,425.0475
196,420.1897
197,411.0622
198,397.665
199,380.5334
200,364.7255
201,351.4914
202,340.8309
203,332.7441
204,326.9773
205,321.9068
206,317.2446
207,312.9906
208,309.1449
209,305.7074
210,302.6782
211,300.0573
212,297.8446
213,296.0402
214,294.644
215,293.5241
216,292.3472
217,291.0969
218,289.7735
219,288.3767
220,286.9068
221,285.3635
222,283.747
223,282.0573
224,280.2943
225,278.458
226,276.5485
227,274.4885
228,272.1008
229,269.3786
230,266.3219
231,262.9306
232,259.2047
233,255.1443
234,250.7493
235,246.0198
236,240.9557
237,235.5993
238,230.5044
239,225.8417
240,221.6113
241,217.8133
242,214.4475
243,211.5141
244,209.013
245,206.9442
246,205.3077
247,204.1035
248,203.3317
249,202.9921
250,203.0848
251,203.6099
252,204.5673
253,205.8896
254,206.8564
255,207.2728
256,207.1388
257,206.4545
258,205.2197
259,203.4346
260,201.099
261,198.2131
262,194.7768
263,190.7901
264,186.2531
265,181.1656
266,175.5419
267,170.0057
268,164.891
269,160.1979
270,155.9262
271,152.076
272,148.6474
273,145.6402
274,143.0546
275,140.8905
276,139.1136
277,137.313
278,135.3684
279,133.28
280,131.0476
281,128.6713
282,126.1512
283,123.4871
284,120.6791
285,117.7272
286,114.6314
287,111.3917
288,108.0081
289,104.4805
290,100.8091
291,96.9938
292,97.9552
293,100.3368
294,99.4405
295,98.5975
296,97.808
297,97.0717
298,96.3889
299,95.7594
300,95.1833
301,94.6606
302,94.1913
303,93.7753
304,93.4127
305,93.1034
306,92.8476
307,92.6451
308,92.496
309,92.4002
310,92.3578
311,92.3688
312,92.4332
313,92.5509
314,92.722
315,92.9465
316,93.2244
317,93.5556
318,93.9402
319,94.3782
320,94.8695
321,95.4142
322,96.0123
323,96.6637
324,97.3686
325,98.1268
326,98.9383
327,99.8033
328,100.673
329,101.4539
330,102.1435
331,102.7418
332,103.2489
333,103.6648
334,103.9894
335,104.2228
336,104.3649
337,104.4157
338,104.3754
339,104.2437
340,104.0209
341,103.7068
342,103.3014
343,102.8048
344,102.2169
345,101.5378
346,100.7675
347,99.9059
348,98.953
349,97.9089
350,96.7736
351,95.547
352,94.2292
353,92.8201
354,91.3552
355,89.9229
356,88.5274
357,87.1687
358,85.8469
359,84.5618
360,83.3136
361,82.1022
362,80.9275
363,79.7898
364,78.6888
365,77.6246
366,76.5973
367,75.6067
368,74.653
369,73.7361
370,72.856
371,72.0127
372,71.2062
373,70.4366
374,69.7037
375,69.0077
376,68.3485
377,67.7261
378,67.1405
379,66.5917
380,66.0798
381,65.6046
382,65.1663
383,64.7648
384,64.4001
385,64.0689
386,63.7475
387,63.4309
388,63.1192
389,62.8125
390,62.5106
391,62.2136
392,61.9215
393,61.6344
394,61.3521
395,61.0747
396,60.8022
397,60.5347
398,60.272
399,60.0142
400,59.7613
401,59.5133
402,59.2703
403,59.0321
404,58.7988
405,58.5704
406,58.3469
407,58.1284
408,57.9147
409,57.7059
410,57.502
411,57.303
412,57.1089
413,56.9197
414,56.7355
415,56.5561
416,56.3816
417,56.212
418,56.0473
419,55.8875
420,55.7326
421,55.5827
422,55.4376
423,55.2974
424,55.1621
425,55.0317
426,54.9062
427,54.7856
428,54.6699
429,54.5591
430,54.4532
431,54.3522
432,54.2562
433,54.165
434,54.0787
435,53.9973
436,53.9208
437,53.8492
438,53.7825
439,53.72
440,53.6527
441,53.578
442,53.496
443,53.4066
444,53.3098
445,53.2057
446,53.0941
447,52.9752
448,52.8489
449,52.7152
450,52.5742
451,52.4257
452,52.2699
453,52.1067
454,51.9362
455,51.7582
456,51.5729
457,51.3802
458,51.1801
459,50.9727
460,50.7578
461,50.5356
462,50.306
463,50.069
464,49.8247
465,49.573
466,49.3138
467,49.0474
468,48.7735
469,48.4923
470,48.2036
471,47.9076
472,47.6043
473,47.2935
474,46.9754
475,46.6499
476,46.317
477,45.9767
478,45.6291
479,45.274
480,44.9116
481,44.5418
482,44.1647
483,43.7801
484,43.3882
485,42.9889
486,42.5823
487,42.1682
488,41.7468
489,41.318
490,40.8818
491,40.4382
492,39.9873
493,39.529
494,39.0633
495,38.5902
496,38.1097
497,37.6245
498,37.1434
499,36.6673
500,36.196
501,35.7297
502,35.2682
503,34.8117
504,34.3601
505,33.9134
506,33.4715
507,33.0346
508,32.6026
509,32.1755
510,31.7533
511,31.3361
512,30.9237
513,30.5162
514,30.1136
515,29.716
516,29.3232
517,28.9353
518,28.5524
519,28.1744
520,27.8012
521,27.433
522,27.0697
523,26.7113
524,26.3577
525,26.0091
526,25.6654
527,25.3266
528,24.9928
529,24.6638
530,24.3397
531,24.0205
532,23.7063
533,23.3969
534,23.0924
535,22.7929
536,22.4979
537,22.2053
538,21.9148
539,21.6265
540,21.3404
541,21.0564
542,20.7746
543,20.495
544,20.2175
545,19.9421
546,19.6689
547,19.3979
548,19.129
549,18.8622
550,18.5977
551,18.3352
552,18.075
553,17.8169
554,17.5609
555,17.3071
556,17.0555
557,16.806
558,16.5586
559,16.3134
560,16.0704
561,15.8295
562,15.5908
563,15.3543
564,15.1199
565,14.8876
566,14.6575
567,14.4296
568,14.2038
569,13.9801
570,13.7587
571,13.5393
572,13.3222
573,13.1071
574,12.8943
575,12.6836
576,12.475
577,12.2686
578,12.0644
579,11.8623
580,11.6624
581,11.4646
582,11.269
583,11.0755
584,10.8842
585,10.6951
586,10.5081
587,10.3232
588,10.1405
589,9.96
590,9.7816
591,9.6054
592,9.4313
593,9.2594
594,9.0897
595,8.922
596,8.7566
597,8.5933
598,8.4322
599,8.2732
600,8.1163
